Pass,URL,Title,Length
TRUE,https://dreamtech.com.bd/,Biggest Thermal Label Printer Shop In Bangladesh - DT,53
TRUE,https://dreamtech.com.bd/about-us.html?tmpl=component&print=1&layout=default,All New Generation Automation System | Dream Tech,49
TRUE,https://dreamtech.com.bd/about-us.html?view=article&id=104%3Axprinter-label-barcode-printer-thermal-receipt-printer&catid=2,Thermal Barcode Printer Price In Bangladesh - Dream Tech,56
TRUE,https://dreamtech.com.bd/about-us.html?view=article&id=104%3Axprinter-label-barcode-printer-thermal-receipt-printer&catid=2&tmpl=component&print=1&layout=default,Thermal Barcode Printer Price In Bangladesh - Dream Tech,56
TRUE,https://dreamtech.com.bd/about-us.html?view=article&id=105%3Athermal-pos-printer-price-in-bangladesh&catid=2,POS Thermal Printer Price in Bangladesh | Dream Tech,52
TRUE,https://dreamtech.com.bd/about-us.html?view=article&id=105%3Athermal-pos-printer-price-in-bangladesh&catid=2&tmpl=component&print=1&layout=default,POS Thermal Printer Price in Bangladesh | Dream Tech,52
TRUE,https://dreamtech.com.bd/about-us.html?view=article&id=106%3Abarcode-printer-price-in-bangladesh&catid=2,Label Printer Price in Bangladesh | Dream Tech,46
TRUE,https://dreamtech.com.bd/about-us.html?view=article&id=106%3Abarcode-printer-price-in-bangladesh&catid=2&tmpl=component&print=1&layout=default,Label Printer Price in Bangladesh | Dream Tech,46
TRUE,https://dreamtech.com.bd/about-us.html?view=article&id=148%3Agentlink-g120-thermal-wax-clothing-label-ribbon&catid=2,Thermal wax clothing label ribbon Available In DreamTech,56
TRUE,https://dreamtech.com.bd/about-us.html?view=article&id=148%3Agentlink-g120-thermal-wax-clothing-label-ribbon&catid=2&tmpl=component&print=1&layout=default,Thermal wax clothing label ribbon Available In DreamTech,56
TRUE,https://dreamtech.com.bd/about-us.html?view=article&id=153%3A110mmx300m%2C-thermal-transfer-ribbon-for-zebra%2Cgodex%2Ctsc&catid=2,"110mmx300m, Thermal Transfer Ribbon for Zebra,Godex,TSC",55
TRUE,https://dreamtech.com.bd/about-us.html?view=article&id=153%3A110mmx300m%2C-thermal-transfer-ribbon-for-zebra%2Cgodex%2Ctsc&catid=2&tmpl=component&print=1&layout=default,"110mmx300m, Thermal Transfer Ribbon for Zebra,Godex,TSC",55
TRUE,https://dreamtech.com.bd/about-us.html?view=article&id=155%3Ahigh-quality-2d-1d-barcode-scanner-usb&catid=2,2D Barcode Scanners | Best price in Bangladesh - DT,51
TRUE,https://dreamtech.com.bd/about-us.html?view=article&id=155%3Ahigh-quality-2d-1d-barcode-scanner-usb&catid=2&tmpl=component&print=1&layout=default,2D Barcode Scanners | Best price in Bangladesh - DT,51
TRUE,https://dreamtech.com.bd/about-us.html?view=article&id=158%3Axprinter-new-arrived-80mm-auto-cutter-usb&catid=2,Xprinter New arrived 80mm auto cutter - Dream Tech,50
TRUE,https://dreamtech.com.bd/about-us.html?view=article&id=158%3Axprinter-new-arrived-80mm-auto-cutter-usb&catid=2&tmpl=component&print=1&layout=default,Xprinter New arrived 80mm auto cutter - Dream Tech,50
TRUE,https://dreamtech.com.bd/about-us.html?view=article&id=163%3Aautomatic-scan-1d-wired-barcode-scanner-barcode-reader&catid=2,Buy USB Automatic Bar code Scanner - Dream Tech,47
TRUE,https://dreamtech.com.bd/about-us.html?view=article&id=163%3Aautomatic-scan-1d-wired-barcode-scanner-barcode-reader&catid=2&tmpl=component&print=1&layout=default,Buy USB Automatic Bar code Scanner - Dream Tech,47
TRUE,https://dreamtech.com.bd/about-us.html?view=article&id=176%3Ashopping-mall-clothing-store-thermal-bill-printer&catid=2,shopping mall clothing store Thermal Bill Printer,49
TRUE,https://dreamtech.com.bd/about-us.html?view=article&id=176%3Ashopping-mall-clothing-store-thermal-bill-printer&catid=2%3Ad-tech,shopping mall clothing store Thermal Bill Printer,49
TRUE,https://dreamtech.com.bd/about-us.html?view=article&id=176%3Ashopping-mall-clothing-store-thermal-bill-printer&catid=2&tmpl=component&print=1&layout=default,shopping mall clothing store Thermal Bill Printer,49
TRUE,https://dreamtech.com.bd/about-us.html?view=article&id=180%3Athermal-printer-sticker-shipping-thermal-label&catid=2,Direct Thermal Labels at Best Price in Dhaka,44
TRUE,https://dreamtech.com.bd/about-us.html?view=article&id=180%3Athermal-printer-sticker-shipping-thermal-label&catid=2&tmpl=component&print=1&layout=default,Direct Thermal Labels at Best Price in Dhaka,44
TRUE,https://dreamtech.com.bd/about-us.html?view=article&id=184%3Ahigh-quality-zebra-e5095-resin-ribbon&catid=2,Thermal Ribbon Supplier in Dhaka | Dream Tech,45
TRUE,https://dreamtech.com.bd/about-us.html?view=article&id=184%3Ahigh-quality-zebra-e5095-resin-ribbon&catid=2&tmpl=component&print=1&layout=default,Thermal Ribbon Supplier in Dhaka | Dream Tech,45
TRUE,https://dreamtech.com.bd/about-us.html?view=article&id=186%3Alabel-barcode-printer-108mm-print-width-usb&catid=2,Buy label printer and get free shipping on Dream Tech,53
TRUE,https://dreamtech.com.bd/about-us.html?view=article&id=186%3Alabel-barcode-printer-108mm-print-width-usb&catid=2&tmpl=component&print=1&layout=default,Buy label printer and get free shipping on Dream Tech,53
TRUE,https://dreamtech.com.bd/about-us.html?view=article&id=189%3Azebra-110xi4-600-dpi-high-performance-metal-label-printer&catid=2,Zebra 110Xi4 Printer - Best Price in Bangladesh - DT,52
TRUE,https://dreamtech.com.bd/about-us.html?view=article&id=189%3Azebra-110xi4-600-dpi-high-performance-metal-label-printer&catid=2&tmpl=component&print=1&layout=default,Zebra 110Xi4 Printer - Best Price in Bangladesh - DT,52
TRUE,https://dreamtech.com.bd/about-us.html?view=article&id=193%3Asticker-machine-printer-label-thermal&catid=2,Thermal Sticker Printer | Latest Electronics Top Brands,55
TRUE,https://dreamtech.com.bd/about-us.html?view=article&id=193%3Asticker-machine-printer-label-thermal&catid=2&tmpl=component&print=1&layout=default,Thermal Sticker Printer | Latest Electronics Top Brands,55
TRUE,https://dreamtech.com.bd/about-us.html?view=article&id=2%3Athermal-receipt-printer&catid=2,Thermal Receipt Printer,23
TRUE,https://dreamtech.com.bd/about-us.html?view=article&id=2%3Athermal-receipt-printer&catid=2&tmpl=component&print=1&layout=default,Cheaper Thermal Printer Price in Bangladesh - Dream Tech,56
TRUE,https://dreamtech.com.bd/about-us.html?view=article&id=201%3Ausb-bar-code-scanner-rs232-reader-barcode-reading-gun&catid=2,USB Bar Code Scanner RS232 Reader Barcode Reading Gun,53
TRUE,https://dreamtech.com.bd/about-us.html?view=article&id=201%3Ausb-bar-code-scanner-rs232-reader-barcode-reading-gun&catid=2%3Ad-tech,USB Bar Code Scanner RS232 Reader Barcode Reading Gun,53
TRUE,https://dreamtech.com.bd/about-us.html?view=article&id=201%3Ausb-bar-code-scanner-rs232-reader-barcode-reading-gun&catid=2&tmpl=component&print=1&layout=default,USB Bar Code Scanner RS232 Reader Barcode Reading Gun,53
TRUE,https://dreamtech.com.bd/about-us.html?view=article&id=226%3Athermal-pos-printer-xp-n160-80mm&catid=2,Thermal POS Printer XP-N160 80MM Download - Dream Tech,54
TRUE,https://dreamtech.com.bd/about-us.html?view=article&id=226%3Athermal-pos-printer-xp-n160-80mm&catid=2&tmpl=component&print=1&layout=default,Thermal POS Printer XP-N160 80MM Download - Dream Tech,54
TRUE,https://dreamtech.com.bd/about-us.html?view=article&id=233%3Azkteco-iclock9000-g-time-attendance-terminal&catid=2,ZKTeco iClock9000-GTime Atten dance Machine- Dream Tech,55
TRUE,https://dreamtech.com.bd/about-us.html?view=article&id=233%3Azkteco-iclock9000-g-time-attendance-terminal&catid=2&tmpl=component&print=1&layout=default,ZKTeco iClock9000-GTime Atten dance Machine- Dream Tech,55
TRUE,https://dreamtech.com.bd/about-us.html?view=article&id=242%3Alaser-scan-2d-barcode-scanner-dmax-s516&catid=2,Laser Scan 2D Barcode Scanner Dmax- S516,40
TRUE,https://dreamtech.com.bd/about-us.html?view=article&id=242%3Alaser-scan-2d-barcode-scanner-dmax-s516&catid=2%3Ad-tech,Laser Scan 2D Barcode Scanner Dmax- S516,40
TRUE,https://dreamtech.com.bd/about-us.html?view=article&id=242%3Alaser-scan-2d-barcode-scanner-dmax-s516&catid=2&tmpl=component&print=1&layout=default,Laser Scan 2D Barcode Scanner Dmax- S516,40
TRUE,https://dreamtech.com.bd/about-us.html?view=article&id=4%3Agp-1125t-4-inch-203-dpi-thermal-transfer-label-printer&catid=2,GPrinter Hight Quality Label Printer Price in Bangladesh,56
TRUE,https://dreamtech.com.bd/about-us.html?view=article&id=4%3Agp-1125t-4-inch-203-dpi-thermal-transfer-label-printer&catid=2&tmpl=component&print=1&layout=default,GPrinter Hight Quality Label Printer Price in Bangladesh,56
TRUE,https://dreamtech.com.bd/about-us.html?view=article&id=5%3Agp-7635iii-bluetooth-76mm-impact-dot-matrix&catid=2,GP-7635III Bluetooth 76mm impact dot-matrix,43
TRUE,https://dreamtech.com.bd/about-us.html?view=article&id=5%3Agp-7635iii-bluetooth-76mm-impact-dot-matrix&catid=2&tmpl=component&print=1&layout=default,GP-7635III Bluetooth 76mm impact dot-matrix,43
TRUE,https://dreamtech.com.bd/about-us.html?view=article&id=7%3Apremium-resin-enhanced-wax-ribbon-z9085&catid=2,Premium Resin Enhanced Wax Ribbon-Z9085,39
TRUE,https://dreamtech.com.bd/about-us.html?view=article&id=7%3Apremium-resin-enhanced-wax-ribbon-z9085&catid=2&tmpl=component&print=1&layout=default,Premium Resin Enhanced Wax Ribbon-Z9085,39
TRUE,https://dreamtech.com.bd/about-us.html?view=article&id=8%3Agood-quality-wax-resin-ribbon-50mm-x-300mtrs&catid=2,Good Quality Wax Resin Ribbon - 50mm x 300mtrs,46
TRUE,https://dreamtech.com.bd/about-us.html?view=article&id=8%3Agood-quality-wax-resin-ribbon-50mm-x-300mtrs&catid=2%3Ad-tech,Good Quality Wax Resin Ribbon - 50mm x 300mtrs,46
TRUE,https://dreamtech.com.bd/about-us.html?view=article&id=8%3Agood-quality-wax-resin-ribbon-50mm-x-300mtrs&catid=2&tmpl=component&print=1&layout=default,Good Quality Wax Resin Ribbon - 50mm x 300mtrs,46
TRUE,https://dreamtech.com.bd/about-us.html?view=article&id=9%3Agood-quality-wax-resin-110mm-x-300mtrs&catid=2,Good Quality Wax Resin Price In Bangladesh - Dream Tech,55
TRUE,https://dreamtech.com.bd/about-us.html?view=article&id=9%3Agood-quality-wax-resin-110mm-x-300mtrs&catid=2&tmpl=component&print=1&layout=default,Good Quality Wax Resin Price In Bangladesh - Dream Tech,55
TRUE,https://dreamtech.com.bd/billing-payments.html,Billing & Payments,18
TRUE,https://dreamtech.com.bd/billing-payments.html?tmpl=component&print=1&layout=default,All Cash payment on Dream Tech Goods,36
TRUE,https://dreamtech.com.bd/billing-payments.html?view=article&id=104%3Axprinter-label-barcode-printer-thermal-receipt-printer&catid=2,Thermal Barcode Printer Price In Bangladesh - Dream Tech,56
TRUE,https://dreamtech.com.bd/billing-payments.html?view=article&id=104%3Axprinter-label-barcode-printer-thermal-receipt-printer&catid=2&tmpl=component&print=1&layout=default,Thermal Barcode Printer Price In Bangladesh - Dream Tech,56
TRUE,https://dreamtech.com.bd/billing-payments.html?view=article&id=105%3Athermal-pos-printer-price-in-bangladesh&catid=2,POS Thermal Printer Price in Bangladesh | Dream Tech,52
TRUE,https://dreamtech.com.bd/billing-payments.html?view=article&id=105%3Athermal-pos-printer-price-in-bangladesh&catid=2&tmpl=component&print=1&layout=default,POS Thermal Printer Price in Bangladesh | Dream Tech,52
TRUE,https://dreamtech.com.bd/billing-payments.html?view=article&id=106%3Abarcode-printer-price-in-bangladesh&catid=2,Label Printer Price in Bangladesh | Dream Tech,46
TRUE,https://dreamtech.com.bd/billing-payments.html?view=article&id=106%3Abarcode-printer-price-in-bangladesh&catid=2&tmpl=component&print=1&layout=default,Label Printer Price in Bangladesh | Dream Tech,46
TRUE,https://dreamtech.com.bd/billing-payments.html?view=article&id=148%3Agentlink-g120-thermal-wax-clothing-label-ribbon&catid=2,Thermal wax clothing label ribbon Available In DreamTech,56
TRUE,https://dreamtech.com.bd/billing-payments.html?view=article&id=148%3Agentlink-g120-thermal-wax-clothing-label-ribbon&catid=2&tmpl=component&print=1&layout=default,Thermal wax clothing label ribbon Available In DreamTech,56
TRUE,https://dreamtech.com.bd/billing-payments.html?view=article&id=153%3A110mmx300m%2C-thermal-transfer-ribbon-for-zebra%2Cgodex%2Ctsc&catid=2,"110mmx300m, Thermal Transfer Ribbon for Zebra,Godex,TSC",55
TRUE,https://dreamtech.com.bd/billing-payments.html?view=article&id=153%3A110mmx300m%2C-thermal-transfer-ribbon-for-zebra%2Cgodex%2Ctsc&catid=2&tmpl=component&print=1&layout=default,"110mmx300m, Thermal Transfer Ribbon for Zebra,Godex,TSC",55
TRUE,https://dreamtech.com.bd/billing-payments.html?view=article&id=155%3Ahigh-quality-2d-1d-barcode-scanner-usb&catid=2,2D Barcode Scanners | Best price in Bangladesh - DT,51
TRUE,https://dreamtech.com.bd/billing-payments.html?view=article&id=155%3Ahigh-quality-2d-1d-barcode-scanner-usb&catid=2&tmpl=component&print=1&layout=default,2D Barcode Scanners | Best price in Bangladesh - DT,51
TRUE,https://dreamtech.com.bd/billing-payments.html?view=article&id=158%3Axprinter-new-arrived-80mm-auto-cutter-usb&catid=2,Xprinter New arrived 80mm auto cutter - Dream Tech,50
TRUE,https://dreamtech.com.bd/billing-payments.html?view=article&id=158%3Axprinter-new-arrived-80mm-auto-cutter-usb&catid=2&tmpl=component&print=1&layout=default,Xprinter New arrived 80mm auto cutter - Dream Tech,50
TRUE,https://dreamtech.com.bd/billing-payments.html?view=article&id=163%3Aautomatic-scan-1d-wired-barcode-scanner-barcode-reader&catid=2,Buy USB Automatic Bar code Scanner - Dream Tech,47
TRUE,https://dreamtech.com.bd/billing-payments.html?view=article&id=163%3Aautomatic-scan-1d-wired-barcode-scanner-barcode-reader&catid=2&tmpl=component&print=1&layout=default,Buy USB Automatic Bar code Scanner - Dream Tech,47
TRUE,https://dreamtech.com.bd/billing-payments.html?view=article&id=176%3Ashopping-mall-clothing-store-thermal-bill-printer&catid=2,shopping mall clothing store Thermal Bill Printer,49
TRUE,https://dreamtech.com.bd/billing-payments.html?view=article&id=176%3Ashopping-mall-clothing-store-thermal-bill-printer&catid=2%3Ad-tech,shopping mall clothing store Thermal Bill Printer,49
TRUE,https://dreamtech.com.bd/billing-payments.html?view=article&id=176%3Ashopping-mall-clothing-store-thermal-bill-printer&catid=2&tmpl=component&print=1&layout=default,shopping mall clothing store Thermal Bill Printer,49
TRUE,https://dreamtech.com.bd/billing-payments.html?view=article&id=180%3Athermal-printer-sticker-shipping-thermal-label&catid=2,Direct Thermal Labels at Best Price in Dhaka,44
TRUE,https://dreamtech.com.bd/billing-payments.html?view=article&id=180%3Athermal-printer-sticker-shipping-thermal-label&catid=2&tmpl=component&print=1&layout=default,Direct Thermal Labels at Best Price in Dhaka,44
TRUE,https://dreamtech.com.bd/billing-payments.html?view=article&id=184%3Ahigh-quality-zebra-e5095-resin-ribbon&catid=2,Thermal Ribbon Supplier in Dhaka | Dream Tech,45
TRUE,https://dreamtech.com.bd/billing-payments.html?view=article&id=184%3Ahigh-quality-zebra-e5095-resin-ribbon&catid=2&tmpl=component&print=1&layout=default,Thermal Ribbon Supplier in Dhaka | Dream Tech,45
TRUE,https://dreamtech.com.bd/billing-payments.html?view=article&id=186%3Alabel-barcode-printer-108mm-print-width-usb&catid=2,Buy label printer and get free shipping on Dream Tech,53
TRUE,https://dreamtech.com.bd/billing-payments.html?view=article&id=186%3Alabel-barcode-printer-108mm-print-width-usb&catid=2&tmpl=component&print=1&layout=default,Buy label printer and get free shipping on Dream Tech,53
TRUE,https://dreamtech.com.bd/billing-payments.html?view=article&id=189%3Azebra-110xi4-600-dpi-high-performance-metal-label-printer&catid=2,Zebra 110Xi4 Printer - Best Price in Bangladesh - DT,52
TRUE,https://dreamtech.com.bd/billing-payments.html?view=article&id=189%3Azebra-110xi4-600-dpi-high-performance-metal-label-printer&catid=2&tmpl=component&print=1&layout=default,Zebra 110Xi4 Printer - Best Price in Bangladesh - DT,52
TRUE,https://dreamtech.com.bd/billing-payments.html?view=article&id=193%3Asticker-machine-printer-label-thermal&catid=2,Thermal Sticker Printer | Latest Electronics Top Brands,55
TRUE,https://dreamtech.com.bd/billing-payments.html?view=article&id=193%3Asticker-machine-printer-label-thermal&catid=2&tmpl=component&print=1&layout=default,Thermal Sticker Printer | Latest Electronics Top Brands,55
TRUE,https://dreamtech.com.bd/billing-payments.html?view=article&id=2%3Athermal-receipt-printer&catid=2,Thermal Receipt Printer,23
TRUE,https://dreamtech.com.bd/billing-payments.html?view=article&id=2%3Athermal-receipt-printer&catid=2&tmpl=component&print=1&layout=default,Cheaper Thermal Printer Price in Bangladesh - Dream Tech,56
TRUE,https://dreamtech.com.bd/billing-payments.html?view=article&id=201%3Ausb-bar-code-scanner-rs232-reader-barcode-reading-gun&catid=2,USB Bar Code Scanner RS232 Reader Barcode Reading Gun,53
TRUE,https://dreamtech.com.bd/billing-payments.html?view=article&id=201%3Ausb-bar-code-scanner-rs232-reader-barcode-reading-gun&catid=2%3Ad-tech,USB Bar Code Scanner RS232 Reader Barcode Reading Gun,53
TRUE,https://dreamtech.com.bd/billing-payments.html?view=article&id=201%3Ausb-bar-code-scanner-rs232-reader-barcode-reading-gun&catid=2&tmpl=component&print=1&layout=default,USB Bar Code Scanner RS232 Reader Barcode Reading Gun,53
TRUE,https://dreamtech.com.bd/billing-payments.html?view=article&id=226%3Athermal-pos-printer-xp-n160-80mm&catid=2,Thermal POS Printer XP-N160 80MM Download - Dream Tech,54
TRUE,https://dreamtech.com.bd/billing-payments.html?view=article&id=226%3Athermal-pos-printer-xp-n160-80mm&catid=2&tmpl=component&print=1&layout=default,Thermal POS Printer XP-N160 80MM Download - Dream Tech,54
TRUE,https://dreamtech.com.bd/billing-payments.html?view=article&id=233%3Azkteco-iclock9000-g-time-attendance-terminal&catid=2,ZKTeco iClock9000-GTime Atten dance Machine- Dream Tech,55
TRUE,https://dreamtech.com.bd/billing-payments.html?view=article&id=233%3Azkteco-iclock9000-g-time-attendance-terminal&catid=2&tmpl=component&print=1&layout=default,ZKTeco iClock9000-GTime Atten dance Machine- Dream Tech,55
TRUE,https://dreamtech.com.bd/billing-payments.html?view=article&id=242%3Alaser-scan-2d-barcode-scanner-dmax-s516&catid=2,Laser Scan 2D Barcode Scanner Dmax- S516,40
TRUE,https://dreamtech.com.bd/billing-payments.html?view=article&id=242%3Alaser-scan-2d-barcode-scanner-dmax-s516&catid=2%3Ad-tech,Laser Scan 2D Barcode Scanner Dmax- S516,40
TRUE,https://dreamtech.com.bd/billing-payments.html?view=article&id=242%3Alaser-scan-2d-barcode-scanner-dmax-s516&catid=2&tmpl=component&print=1&layout=default,Laser Scan 2D Barcode Scanner Dmax- S516,40
TRUE,https://dreamtech.com.bd/billing-payments.html?view=article&id=4%3Agp-1125t-4-inch-203-dpi-thermal-transfer-label-printer&catid=2,GPrinter Hight Quality Label Printer Price in Bangladesh,56
TRUE,https://dreamtech.com.bd/billing-payments.html?view=article&id=4%3Agp-1125t-4-inch-203-dpi-thermal-transfer-label-printer&catid=2&tmpl=component&print=1&layout=default,GPrinter Hight Quality Label Printer Price in Bangladesh,56
TRUE,https://dreamtech.com.bd/billing-payments.html?view=article&id=5%3Agp-7635iii-bluetooth-76mm-impact-dot-matrix&catid=2,GP-7635III Bluetooth 76mm impact dot-matrix,43
TRUE,https://dreamtech.com.bd/billing-payments.html?view=article&id=5%3Agp-7635iii-bluetooth-76mm-impact-dot-matrix&catid=2&tmpl=component&print=1&layout=default,GP-7635III Bluetooth 76mm impact dot-matrix,43
TRUE,https://dreamtech.com.bd/billing-payments.html?view=article&id=7%3Apremium-resin-enhanced-wax-ribbon-z9085&catid=2,Premium Resin Enhanced Wax Ribbon-Z9085,39
TRUE,https://dreamtech.com.bd/billing-payments.html?view=article&id=7%3Apremium-resin-enhanced-wax-ribbon-z9085&catid=2&tmpl=component&print=1&layout=default,Premium Resin Enhanced Wax Ribbon-Z9085,39
TRUE,https://dreamtech.com.bd/billing-payments.html?view=article&id=8%3Agood-quality-wax-resin-ribbon-50mm-x-300mtrs&catid=2,Good Quality Wax Resin Ribbon - 50mm x 300mtrs,46
TRUE,https://dreamtech.com.bd/billing-payments.html?view=article&id=8%3Agood-quality-wax-resin-ribbon-50mm-x-300mtrs&catid=2%3Ad-tech,Good Quality Wax Resin Ribbon - 50mm x 300mtrs,46
TRUE,https://dreamtech.com.bd/billing-payments.html?view=article&id=8%3Agood-quality-wax-resin-ribbon-50mm-x-300mtrs&catid=2&tmpl=component&print=1&layout=default,Good Quality Wax Resin Ribbon - 50mm x 300mtrs,46
TRUE,https://dreamtech.com.bd/billing-payments.html?view=article&id=9%3Agood-quality-wax-resin-110mm-x-300mtrs&catid=2,Good Quality Wax Resin Price In Bangladesh - Dream Tech,55
TRUE,https://dreamtech.com.bd/billing-payments.html?view=article&id=9%3Agood-quality-wax-resin-110mm-x-300mtrs&catid=2&tmpl=component&print=1&layout=default,Good Quality Wax Resin Price In Bangladesh - Dream Tech,55
TRUE,https://dreamtech.com.bd/download.html,point of sale software in available in Bangladesh,49
TRUE,https://dreamtech.com.bd/download.html?tmpl=component&print=1&layout=default,All Thermal Barcode and Pos Printer driver software - DT,56
TRUE,https://dreamtech.com.bd/download.html?view=article&id=104%3Axprinter-label-barcode-printer-thermal-receipt-printer&catid=2,Thermal Barcode Printer Price In Bangladesh - Dream Tech,56
TRUE,https://dreamtech.com.bd/download.html?view=article&id=104%3Axprinter-label-barcode-printer-thermal-receipt-printer&catid=2&tmpl=component&print=1&layout=default,Thermal Barcode Printer Price In Bangladesh - Dream Tech,56
TRUE,https://dreamtech.com.bd/download.html?view=article&id=105%3Athermal-pos-printer-price-in-bangladesh&catid=2,POS Thermal Printer Price in Bangladesh | Dream Tech,52
TRUE,https://dreamtech.com.bd/download.html?view=article&id=105%3Athermal-pos-printer-price-in-bangladesh&catid=2&tmpl=component&print=1&layout=default,POS Thermal Printer Price in Bangladesh | Dream Tech,52
TRUE,https://dreamtech.com.bd/download.html?view=article&id=106%3Abarcode-printer-price-in-bangladesh&catid=2,Label Printer Price in Bangladesh | Dream Tech,46
TRUE,https://dreamtech.com.bd/download.html?view=article&id=106%3Abarcode-printer-price-in-bangladesh&catid=2&tmpl=component&print=1&layout=default,Label Printer Price in Bangladesh | Dream Tech,46
TRUE,https://dreamtech.com.bd/download.html?view=article&id=148%3Agentlink-g120-thermal-wax-clothing-label-ribbon&catid=2,Thermal wax clothing label ribbon Available In DreamTech,56
TRUE,https://dreamtech.com.bd/download.html?view=article&id=148%3Agentlink-g120-thermal-wax-clothing-label-ribbon&catid=2&tmpl=component&print=1&layout=default,Thermal wax clothing label ribbon Available In DreamTech,56
TRUE,https://dreamtech.com.bd/download.html?view=article&id=153%3A110mmx300m%2C-thermal-transfer-ribbon-for-zebra%2Cgodex%2Ctsc&catid=2,"110mmx300m, Thermal Transfer Ribbon for Zebra,Godex,TSC",55
TRUE,https://dreamtech.com.bd/download.html?view=article&id=153%3A110mmx300m%2C-thermal-transfer-ribbon-for-zebra%2Cgodex%2Ctsc&catid=2&tmpl=component&print=1&layout=default,"110mmx300m, Thermal Transfer Ribbon for Zebra,Godex,TSC",55
TRUE,https://dreamtech.com.bd/download.html?view=article&id=155%3Ahigh-quality-2d-1d-barcode-scanner-usb&catid=2,2D Barcode Scanners | Best price in Bangladesh - DT,51
TRUE,https://dreamtech.com.bd/download.html?view=article&id=155%3Ahigh-quality-2d-1d-barcode-scanner-usb&catid=2&tmpl=component&print=1&layout=default,2D Barcode Scanners | Best price in Bangladesh - DT,51
TRUE,https://dreamtech.com.bd/download.html?view=article&id=158%3Axprinter-new-arrived-80mm-auto-cutter-usb&catid=2,Xprinter New arrived 80mm auto cutter - Dream Tech,50
TRUE,https://dreamtech.com.bd/download.html?view=article&id=158%3Axprinter-new-arrived-80mm-auto-cutter-usb&catid=2&tmpl=component&print=1&layout=default,Xprinter New arrived 80mm auto cutter - Dream Tech,50
TRUE,https://dreamtech.com.bd/download.html?view=article&id=163%3Aautomatic-scan-1d-wired-barcode-scanner-barcode-reader&catid=2,Buy USB Automatic Bar code Scanner - Dream Tech,47
TRUE,https://dreamtech.com.bd/download.html?view=article&id=163%3Aautomatic-scan-1d-wired-barcode-scanner-barcode-reader&catid=2&tmpl=component&print=1&layout=default,Buy USB Automatic Bar code Scanner - Dream Tech,47
TRUE,https://dreamtech.com.bd/download.html?view=article&id=176%3Ashopping-mall-clothing-store-thermal-bill-printer&catid=2,shopping mall clothing store Thermal Bill Printer,49
TRUE,https://dreamtech.com.bd/download.html?view=article&id=176%3Ashopping-mall-clothing-store-thermal-bill-printer&catid=2%3Ad-tech,shopping mall clothing store Thermal Bill Printer,49
TRUE,https://dreamtech.com.bd/download.html?view=article&id=176%3Ashopping-mall-clothing-store-thermal-bill-printer&catid=2&tmpl=component&print=1&layout=default,shopping mall clothing store Thermal Bill Printer,49
TRUE,https://dreamtech.com.bd/download.html?view=article&id=180%3Athermal-printer-sticker-shipping-thermal-label&catid=2,Direct Thermal Labels at Best Price in Dhaka,44
TRUE,https://dreamtech.com.bd/download.html?view=article&id=180%3Athermal-printer-sticker-shipping-thermal-label&catid=2&tmpl=component&print=1&layout=default,Direct Thermal Labels at Best Price in Dhaka,44
TRUE,https://dreamtech.com.bd/download.html?view=article&id=184%3Ahigh-quality-zebra-e5095-resin-ribbon&catid=2,Thermal Ribbon Supplier in Dhaka | Dream Tech,45
TRUE,https://dreamtech.com.bd/download.html?view=article&id=184%3Ahigh-quality-zebra-e5095-resin-ribbon&catid=2&tmpl=component&print=1&layout=default,Thermal Ribbon Supplier in Dhaka | Dream Tech,45
TRUE,https://dreamtech.com.bd/download.html?view=article&id=186%3Alabel-barcode-printer-108mm-print-width-usb&catid=2,Buy label printer and get free shipping on Dream Tech,53
TRUE,https://dreamtech.com.bd/download.html?view=article&id=186%3Alabel-barcode-printer-108mm-print-width-usb&catid=2&tmpl=component&print=1&layout=default,Buy label printer and get free shipping on Dream Tech,53
TRUE,https://dreamtech.com.bd/download.html?view=article&id=189%3Azebra-110xi4-600-dpi-high-performance-metal-label-printer&catid=2,Zebra 110Xi4 Printer - Best Price in Bangladesh - DT,52
TRUE,https://dreamtech.com.bd/download.html?view=article&id=189%3Azebra-110xi4-600-dpi-high-performance-metal-label-printer&catid=2&tmpl=component&print=1&layout=default,Zebra 110Xi4 Printer - Best Price in Bangladesh - DT,52
TRUE,https://dreamtech.com.bd/download.html?view=article&id=193%3Asticker-machine-printer-label-thermal&catid=2,Thermal Sticker Printer | Latest Electronics Top Brands,55
TRUE,https://dreamtech.com.bd/download.html?view=article&id=193%3Asticker-machine-printer-label-thermal&catid=2&tmpl=component&print=1&layout=default,Thermal Sticker Printer | Latest Electronics Top Brands,55
TRUE,https://dreamtech.com.bd/download.html?view=article&id=2%3Athermal-receipt-printer&catid=2,point of sale software in available in Bangladesh,49
TRUE,https://dreamtech.com.bd/download.html?view=article&id=2%3Athermal-receipt-printer&catid=2&tmpl=component&print=1&layout=default,Cheaper Thermal Printer Price in Bangladesh - Dream Tech,56
TRUE,https://dreamtech.com.bd/download.html?view=article&id=201%3Ausb-bar-code-scanner-rs232-reader-barcode-reading-gun&catid=2,USB Bar Code Scanner RS232 Reader Barcode Reading Gun,53
TRUE,https://dreamtech.com.bd/download.html?view=article&id=201%3Ausb-bar-code-scanner-rs232-reader-barcode-reading-gun&catid=2%3Ad-tech,USB Bar Code Scanner RS232 Reader Barcode Reading Gun,53
TRUE,https://dreamtech.com.bd/download.html?view=article&id=201%3Ausb-bar-code-scanner-rs232-reader-barcode-reading-gun&catid=2&tmpl=component&print=1&layout=default,USB Bar Code Scanner RS232 Reader Barcode Reading Gun,53
TRUE,https://dreamtech.com.bd/download.html?view=article&id=226%3Athermal-pos-printer-xp-n160-80mm&catid=2,Thermal POS Printer XP-N160 80MM Download - Dream Tech,54
TRUE,https://dreamtech.com.bd/download.html?view=article&id=226%3Athermal-pos-printer-xp-n160-80mm&catid=2&tmpl=component&print=1&layout=default,Thermal POS Printer XP-N160 80MM Download - Dream Tech,54
TRUE,https://dreamtech.com.bd/download.html?view=article&id=233%3Azkteco-iclock9000-g-time-attendance-terminal&catid=2,ZKTeco iClock9000-GTime Atten dance Machine- Dream Tech,55
TRUE,https://dreamtech.com.bd/download.html?view=article&id=233%3Azkteco-iclock9000-g-time-attendance-terminal&catid=2&tmpl=component&print=1&layout=default,ZKTeco iClock9000-GTime Atten dance Machine- Dream Tech,55
TRUE,https://dreamtech.com.bd/download.html?view=article&id=242%3Alaser-scan-2d-barcode-scanner-dmax-s516&catid=2,Laser Scan 2D Barcode Scanner Dmax- S516,40
TRUE,https://dreamtech.com.bd/download.html?view=article&id=242%3Alaser-scan-2d-barcode-scanner-dmax-s516&catid=2%3Ad-tech,Laser Scan 2D Barcode Scanner Dmax- S516,40
TRUE,https://dreamtech.com.bd/download.html?view=article&id=242%3Alaser-scan-2d-barcode-scanner-dmax-s516&catid=2&tmpl=component&print=1&layout=default,Laser Scan 2D Barcode Scanner Dmax- S516,40
TRUE,https://dreamtech.com.bd/download.html?view=article&id=4%3Agp-1125t-4-inch-203-dpi-thermal-transfer-label-printer&catid=2,GPrinter Hight Quality Label Printer Price in Bangladesh,56
TRUE,https://dreamtech.com.bd/download.html?view=article&id=4%3Agp-1125t-4-inch-203-dpi-thermal-transfer-label-printer&catid=2&tmpl=component&print=1&layout=default,GPrinter Hight Quality Label Printer Price in Bangladesh,56
TRUE,https://dreamtech.com.bd/download.html?view=article&id=5%3Agp-7635iii-bluetooth-76mm-impact-dot-matrix&catid=2,GP-7635III Bluetooth 76mm impact dot-matrix,43
TRUE,https://dreamtech.com.bd/download.html?view=article&id=5%3Agp-7635iii-bluetooth-76mm-impact-dot-matrix&catid=2&tmpl=component&print=1&layout=default,GP-7635III Bluetooth 76mm impact dot-matrix,43
TRUE,https://dreamtech.com.bd/download.html?view=article&id=7%3Apremium-resin-enhanced-wax-ribbon-z9085&catid=2,Premium Resin Enhanced Wax Ribbon-Z9085,39
TRUE,https://dreamtech.com.bd/download.html?view=article&id=7%3Apremium-resin-enhanced-wax-ribbon-z9085&catid=2&tmpl=component&print=1&layout=default,Premium Resin Enhanced Wax Ribbon-Z9085,39
TRUE,https://dreamtech.com.bd/download.html?view=article&id=8%3Agood-quality-wax-resin-ribbon-50mm-x-300mtrs&catid=2,Good Quality Wax Resin Ribbon - 50mm x 300mtrs,46
TRUE,https://dreamtech.com.bd/download.html?view=article&id=8%3Agood-quality-wax-resin-ribbon-50mm-x-300mtrs&catid=2%3Ad-tech,Good Quality Wax Resin Ribbon - 50mm x 300mtrs,46
TRUE,https://dreamtech.com.bd/download.html?view=article&id=8%3Agood-quality-wax-resin-ribbon-50mm-x-300mtrs&catid=2&tmpl=component&print=1&layout=default,Good Quality Wax Resin Ribbon - 50mm x 300mtrs,46
TRUE,https://dreamtech.com.bd/download.html?view=article&id=9%3Agood-quality-wax-resin-110mm-x-300mtrs&catid=2,Good Quality Wax Resin Price In Bangladesh - Dream Tech,55
TRUE,https://dreamtech.com.bd/download.html?view=article&id=9%3Agood-quality-wax-resin-110mm-x-300mtrs&catid=2&tmpl=component&print=1&layout=default,Good Quality Wax Resin Price In Bangladesh - Dream Tech,55
TRUE,https://dreamtech.com.bd/label-printer.html,Label Printer,13
TRUE,https://dreamtech.com.bd/label-printer.html?tmpl=component&print=1&layout=default,Label Printer,13
TRUE,https://dreamtech.com.bd/label-printer.html?view=article&id=104%3Axprinter-label-barcode-printer-thermal-receipt-printer&catid=2,Thermal Barcode Printer Price In Bangladesh - Dream Tech,56
TRUE,https://dreamtech.com.bd/label-printer.html?view=article&id=104%3Axprinter-label-barcode-printer-thermal-receipt-printer&catid=2&tmpl=component&print=1&layout=default,Thermal Barcode Printer Price In Bangladesh - Dream Tech,56
TRUE,https://dreamtech.com.bd/label-printer.html?view=article&id=105%3Athermal-pos-printer-price-in-bangladesh&catid=2,POS Thermal Printer Price in Bangladesh | Dream Tech,52
TRUE,https://dreamtech.com.bd/label-printer.html?view=article&id=105%3Athermal-pos-printer-price-in-bangladesh&catid=2&tmpl=component&print=1&layout=default,POS Thermal Printer Price in Bangladesh | Dream Tech,52
TRUE,https://dreamtech.com.bd/label-printer.html?view=article&id=106%3Abarcode-printer-price-in-bangladesh&catid=2,Label Printer Price in Bangladesh | Dream Tech,46
TRUE,https://dreamtech.com.bd/label-printer.html?view=article&id=106%3Abarcode-printer-price-in-bangladesh&catid=2&tmpl=component&print=1&layout=default,Label Printer Price in Bangladesh | Dream Tech,46
TRUE,https://dreamtech.com.bd/label-printer.html?view=article&id=148%3Agentlink-g120-thermal-wax-clothing-label-ribbon&catid=2,Thermal wax clothing label ribbon Available In DreamTech,56
TRUE,https://dreamtech.com.bd/label-printer.html?view=article&id=148%3Agentlink-g120-thermal-wax-clothing-label-ribbon&catid=2&tmpl=component&print=1&layout=default,Thermal wax clothing label ribbon Available In DreamTech,56
TRUE,https://dreamtech.com.bd/label-printer.html?view=article&id=153%3A110mmx300m%2C-thermal-transfer-ribbon-for-zebra%2Cgodex%2Ctsc&catid=2,"110mmx300m, Thermal Transfer Ribbon for Zebra,Godex,TSC",55
TRUE,https://dreamtech.com.bd/label-printer.html?view=article&id=153%3A110mmx300m%2C-thermal-transfer-ribbon-for-zebra%2Cgodex%2Ctsc&catid=2&tmpl=component&print=1&layout=default,"110mmx300m, Thermal Transfer Ribbon for Zebra,Godex,TSC",55
TRUE,https://dreamtech.com.bd/label-printer.html?view=article&id=155%3Ahigh-quality-2d-1d-barcode-scanner-usb&catid=2,2D Barcode Scanners | Best price in Bangladesh - DT,51
TRUE,https://dreamtech.com.bd/label-printer.html?view=article&id=155%3Ahigh-quality-2d-1d-barcode-scanner-usb&catid=2&tmpl=component&print=1&layout=default,2D Barcode Scanners | Best price in Bangladesh - DT,51
TRUE,https://dreamtech.com.bd/label-printer.html?view=article&id=158%3Axprinter-new-arrived-80mm-auto-cutter-usb&catid=2,Xprinter New arrived 80mm auto cutter - Dream Tech,50
TRUE,https://dreamtech.com.bd/label-printer.html?view=article&id=158%3Axprinter-new-arrived-80mm-auto-cutter-usb&catid=2&tmpl=component&print=1&layout=default,Xprinter New arrived 80mm auto cutter - Dream Tech,50
TRUE,https://dreamtech.com.bd/label-printer.html?view=article&id=163%3Aautomatic-scan-1d-wired-barcode-scanner-barcode-reader&catid=2,Buy USB Automatic Bar code Scanner - Dream Tech,47
TRUE,https://dreamtech.com.bd/label-printer.html?view=article&id=163%3Aautomatic-scan-1d-wired-barcode-scanner-barcode-reader&catid=2&tmpl=component&print=1&layout=default,Buy USB Automatic Bar code Scanner - Dream Tech,47
TRUE,https://dreamtech.com.bd/label-printer.html?view=article&id=176%3Ashopping-mall-clothing-store-thermal-bill-printer&catid=2,shopping mall clothing store Thermal Bill Printer,49
TRUE,https://dreamtech.com.bd/label-printer.html?view=article&id=176%3Ashopping-mall-clothing-store-thermal-bill-printer&catid=2%3Ad-tech,shopping mall clothing store Thermal Bill Printer,49
TRUE,https://dreamtech.com.bd/label-printer.html?view=article&id=176%3Ashopping-mall-clothing-store-thermal-bill-printer&catid=2&tmpl=component&print=1&layout=default,shopping mall clothing store Thermal Bill Printer,49
TRUE,https://dreamtech.com.bd/label-printer.html?view=article&id=180%3Athermal-printer-sticker-shipping-thermal-label&catid=2,Direct Thermal Labels at Best Price in Dhaka,44
TRUE,https://dreamtech.com.bd/label-printer.html?view=article&id=180%3Athermal-printer-sticker-shipping-thermal-label&catid=2&tmpl=component&print=1&layout=default,Direct Thermal Labels at Best Price in Dhaka,44
TRUE,https://dreamtech.com.bd/label-printer.html?view=article&id=184%3Ahigh-quality-zebra-e5095-resin-ribbon&catid=2,Thermal Ribbon Supplier in Dhaka | Dream Tech,45
TRUE,https://dreamtech.com.bd/label-printer.html?view=article&id=184%3Ahigh-quality-zebra-e5095-resin-ribbon&catid=2&tmpl=component&print=1&layout=default,Thermal Ribbon Supplier in Dhaka | Dream Tech,45
TRUE,https://dreamtech.com.bd/label-printer.html?view=article&id=186%3Alabel-barcode-printer-108mm-print-width-usb&catid=2,Buy label printer and get free shipping on Dream Tech,53
TRUE,https://dreamtech.com.bd/label-printer.html?view=article&id=186%3Alabel-barcode-printer-108mm-print-width-usb&catid=2&tmpl=component&print=1&layout=default,Buy label printer and get free shipping on Dream Tech,53
TRUE,https://dreamtech.com.bd/label-printer.html?view=article&id=189%3Azebra-110xi4-600-dpi-high-performance-metal-label-printer&catid=2,Zebra 110Xi4 Printer - Best Price in Bangladesh - DT,52
TRUE,https://dreamtech.com.bd/label-printer.html?view=article&id=189%3Azebra-110xi4-600-dpi-high-performance-metal-label-printer&catid=2&tmpl=component&print=1&layout=default,Zebra 110Xi4 Printer - Best Price in Bangladesh - DT,52
TRUE,https://dreamtech.com.bd/label-printer.html?view=article&id=193%3Asticker-machine-printer-label-thermal&catid=2,Thermal Sticker Printer | Latest Electronics Top Brands,55
TRUE,https://dreamtech.com.bd/label-printer.html?view=article&id=193%3Asticker-machine-printer-label-thermal&catid=2&tmpl=component&print=1&layout=default,Thermal Sticker Printer | Latest Electronics Top Brands,55
TRUE,https://dreamtech.com.bd/label-printer.html?view=article&id=2%3Athermal-receipt-printer&catid=2,Thermal Receipt Printer,23
TRUE,https://dreamtech.com.bd/label-printer.html?view=article&id=2%3Athermal-receipt-printer&catid=2&tmpl=component&print=1&layout=default,Cheaper Thermal Printer Price in Bangladesh - Dream Tech,56
TRUE,https://dreamtech.com.bd/label-printer.html?view=article&id=201%3Ausb-bar-code-scanner-rs232-reader-barcode-reading-gun&catid=2,USB Bar Code Scanner RS232 Reader Barcode Reading Gun,53
TRUE,https://dreamtech.com.bd/label-printer.html?view=article&id=201%3Ausb-bar-code-scanner-rs232-reader-barcode-reading-gun&catid=2%3Ad-tech,USB Bar Code Scanner RS232 Reader Barcode Reading Gun,53
TRUE,https://dreamtech.com.bd/label-printer.html?view=article&id=201%3Ausb-bar-code-scanner-rs232-reader-barcode-reading-gun&catid=2&tmpl=component&print=1&layout=default,USB Bar Code Scanner RS232 Reader Barcode Reading Gun,53
TRUE,https://dreamtech.com.bd/label-printer.html?view=article&id=226%3Athermal-pos-printer-xp-n160-80mm&catid=2,Thermal POS Printer XP-N160 80MM Download - Dream Tech,54
TRUE,https://dreamtech.com.bd/label-printer.html?view=article&id=226%3Athermal-pos-printer-xp-n160-80mm&catid=2&tmpl=component&print=1&layout=default,Thermal POS Printer XP-N160 80MM Download - Dream Tech,54
TRUE,https://dreamtech.com.bd/label-printer.html?view=article&id=233%3Azkteco-iclock9000-g-time-attendance-terminal&catid=2,ZKTeco iClock9000-GTime Atten dance Machine- Dream Tech,55
TRUE,https://dreamtech.com.bd/label-printer.html?view=article&id=233%3Azkteco-iclock9000-g-time-attendance-terminal&catid=2&tmpl=component&print=1&layout=default,ZKTeco iClock9000-GTime Atten dance Machine- Dream Tech,55
TRUE,https://dreamtech.com.bd/label-printer.html?view=article&id=242%3Alaser-scan-2d-barcode-scanner-dmax-s516&catid=2,Laser Scan 2D Barcode Scanner Dmax- S516,40
TRUE,https://dreamtech.com.bd/label-printer.html?view=article&id=242%3Alaser-scan-2d-barcode-scanner-dmax-s516&catid=2%3Ad-tech,Laser Scan 2D Barcode Scanner Dmax- S516,40
TRUE,https://dreamtech.com.bd/label-printer.html?view=article&id=242%3Alaser-scan-2d-barcode-scanner-dmax-s516&catid=2&tmpl=component&print=1&layout=default,Laser Scan 2D Barcode Scanner Dmax- S516,40
TRUE,https://dreamtech.com.bd/label-printer.html?view=article&id=4%3Agp-1125t-4-inch-203-dpi-thermal-transfer-label-printer&catid=2,GPrinter Hight Quality Label Printer Price in Bangladesh,56
TRUE,https://dreamtech.com.bd/label-printer.html?view=article&id=4%3Agp-1125t-4-inch-203-dpi-thermal-transfer-label-printer&catid=2&tmpl=component&print=1&layout=default,GPrinter Hight Quality Label Printer Price in Bangladesh,56
TRUE,https://dreamtech.com.bd/label-printer.html?view=article&id=5%3Agp-7635iii-bluetooth-76mm-impact-dot-matrix&catid=2,GP-7635III Bluetooth 76mm impact dot-matrix,43
TRUE,https://dreamtech.com.bd/label-printer.html?view=article&id=5%3Agp-7635iii-bluetooth-76mm-impact-dot-matrix&catid=2&tmpl=component&print=1&layout=default,GP-7635III Bluetooth 76mm impact dot-matrix,43
TRUE,https://dreamtech.com.bd/label-printer.html?view=article&id=7%3Apremium-resin-enhanced-wax-ribbon-z9085&catid=2,Premium Resin Enhanced Wax Ribbon-Z9085,39
TRUE,https://dreamtech.com.bd/label-printer.html?view=article&id=7%3Apremium-resin-enhanced-wax-ribbon-z9085&catid=2&tmpl=component&print=1&layout=default,Premium Resin Enhanced Wax Ribbon-Z9085,39
TRUE,https://dreamtech.com.bd/label-printer.html?view=article&id=8%3Agood-quality-wax-resin-ribbon-50mm-x-300mtrs&catid=2,Good Quality Wax Resin Ribbon - 50mm x 300mtrs,46
TRUE,https://dreamtech.com.bd/label-printer.html?view=article&id=8%3Agood-quality-wax-resin-ribbon-50mm-x-300mtrs&catid=2%3Ad-tech,Good Quality Wax Resin Ribbon - 50mm x 300mtrs,46
TRUE,https://dreamtech.com.bd/label-printer.html?view=article&id=8%3Agood-quality-wax-resin-ribbon-50mm-x-300mtrs&catid=2&tmpl=component&print=1&layout=default,Good Quality Wax Resin Ribbon - 50mm x 300mtrs,46
TRUE,https://dreamtech.com.bd/label-printer.html?view=article&id=9%3Agood-quality-wax-resin-110mm-x-300mtrs&catid=2,Good Quality Wax Resin Price In Bangladesh - Dream Tech,55
TRUE,https://dreamtech.com.bd/label-printer.html?view=article&id=9%3Agood-quality-wax-resin-110mm-x-300mtrs&catid=2&tmpl=component&print=1&layout=default,Good Quality Wax Resin Price In Bangladesh - Dream Tech,55
TRUE,https://dreamtech.com.bd/product.html,Automation System In Bangladesh | Dream Tech,44
TRUE,https://dreamtech.com.bd/product.html?filter_catid=16,Automation System In Bangladesh | Dream Tech,44
TRUE,https://dreamtech.com.bd/product.html?filter_catid=18,Automation System In Bangladesh | Dream Tech,44
TRUE,https://dreamtech.com.bd/product.html?filter_catid=19,Automation System In Bangladesh | Dream Tech,44
TRUE,https://dreamtech.com.bd/product.html?filter_catid=19&start=0,Automation System In Bangladesh | Dream Tech,44
TRUE,https://dreamtech.com.bd/product.html?filter_catid=19&start=9,Automation System In Bangladesh | Dream Tech,44
TRUE,https://dreamtech.com.bd/product.html?filter_catid=20,Automation System In Bangladesh | Dream Tech,44
TRUE,https://dreamtech.com.bd/product.html?filter_catid=21&search=&sortby=&pricefrom=0&priceto=500000,Automation System In Bangladesh | Dream Tech,44
TRUE,https://dreamtech.com.bd/product.html?filter_catid=22,Automation System In Bangladesh | Dream Tech,44
TRUE,https://dreamtech.com.bd/product.html?filter_catid=23,Automation System In Bangladesh | Dream Tech,44
TRUE,https://dreamtech.com.bd/product.html?filter_catid=23&start=0,Automation System In Bangladesh | Dream Tech,44
TRUE,https://dreamtech.com.bd/product.html?filter_catid=23&start=18,Automation System In Bangladesh | Dream Tech,44
TRUE,https://dreamtech.com.bd/product.html?filter_catid=23&start=9,Automation System In Bangladesh | Dream Tech,44
TRUE,https://dreamtech.com.bd/product.html?filter_catid=24,Automation System In Bangladesh | Dream Tech,44
TRUE,https://dreamtech.com.bd/product.html?filter_catid=24&start=0,Automation System In Bangladesh | Dream Tech,44
TRUE,https://dreamtech.com.bd/product.html?filter_catid=24&start=9,Automation System In Bangladesh | Dream Tech,44
TRUE,https://dreamtech.com.bd/product.html?filter_catid=27,Automation System In Bangladesh | Dream Tech,44
TRUE,https://dreamtech.com.bd/product.html?filter_catid=27&start=0,Automation System In Bangladesh | Dream Tech,44
TRUE,https://dreamtech.com.bd/product.html?filter_catid=27&start=18,Automation System In Bangladesh | Dream Tech,44
TRUE,https://dreamtech.com.bd/product.html?filter_catid=27&start=9,Automation System In Bangladesh | Dream Tech,44
TRUE,https://dreamtech.com.bd/product.html?filter_catid=28,Automation System In Bangladesh | Dream Tech,44
TRUE,https://dreamtech.com.bd/product.html?filter_catid=28&start=0,Automation System In Bangladesh | Dream Tech,44
TRUE,https://dreamtech.com.bd/product.html?filter_catid=28&start=9,Automation System In Bangladesh | Dream Tech,44
TRUE,https://dreamtech.com.bd/product.html?filter_catid=9,Automation System In Bangladesh | Dream Tech,44
TRUE,https://dreamtech.com.bd/product.html?filter_catid=9&start=0,Automation System In Bangladesh | Dream Tech,44
TRUE,https://dreamtech.com.bd/product.html?filter_catid=9&start=18,Automation System In Bangladesh | Dream Tech,44
TRUE,https://dreamtech.com.bd/product.html?filter_catid=9&start=27,Automation System In Bangladesh | Dream Tech,44
TRUE,https://dreamtech.com.bd/product.html?filter_catid=9&start=36,Automation System In Bangladesh | Dream Tech,44
TRUE,https://dreamtech.com.bd/product.html?filter_catid=9&start=45,Automation System In Bangladesh | Dream Tech,44
TRUE,https://dreamtech.com.bd/product.html?filter_catid=9&start=54,Automation System In Bangladesh | Dream Tech,44
TRUE,https://dreamtech.com.bd/product.html?filter_catid=9&start=63,Automation System In Bangladesh | Dream Tech,44
TRUE,https://dreamtech.com.bd/product.html?filter_catid=9&start=72,Automation System In Bangladesh | Dream Tech,44
TRUE,https://dreamtech.com.bd/product.html?filter_catid=9&start=81,Automation System In Bangladesh | Dream Tech,44
TRUE,https://dreamtech.com.bd/product.html?filter_catid=9&start=9,Automation System In Bangladesh | Dream Tech,44
TRUE,https://dreamtech.com.bd/product.html?filter_catid=9&start=90,Automation System In Bangladesh | Dream Tech,44
TRUE,https://dreamtech.com.bd/product.html?manufacturer_ids%5B%5D=13&filter_catid=23&pricefrom=0&priceto=500000&search=&sortby=,Automation System In Bangladesh | Dream Tech,44
TRUE,https://dreamtech.com.bd/product.html?manufacturer_ids%5B%5D=14&filter_catid=23&pricefrom=0&priceto=500000&search=&sortby=,Automation System In Bangladesh | Dream Tech,44
TRUE,https://dreamtech.com.bd/product.html?manufacturer_ids%5B0%5D=14&filter_catid=23&pricefrom=0&priceto=500000&start=0,Automation System In Bangladesh | Dream Tech,44
TRUE,https://dreamtech.com.bd/product.html?manufacturer_ids%5B0%5D=14&filter_catid=23&pricefrom=0&priceto=500000&start=9,Automation System In Bangladesh | Dream Tech,44
TRUE,https://dreamtech.com.bd/product.html?start=0,Automation System In Bangladesh | Dream Tech,44
TRUE,https://dreamtech.com.bd/product.html?start=18,Automation System In Bangladesh | Dream Tech,44
TRUE,https://dreamtech.com.bd/product.html?start=27,Automation System In Bangladesh | Dream Tech,44
TRUE,https://dreamtech.com.bd/product.html?start=36,Automation System In Bangladesh | Dream Tech,44
TRUE,https://dreamtech.com.bd/product.html?start=45,Automation System In Bangladesh | Dream Tech,44
TRUE,https://dreamtech.com.bd/product.html?start=54,Automation System In Bangladesh | Dream Tech,44
TRUE,https://dreamtech.com.bd/product.html?start=63,Automation System In Bangladesh | Dream Tech,44
TRUE,https://dreamtech.com.bd/product.html?start=72,Automation System In Bangladesh | Dream Tech,44
TRUE,https://dreamtech.com.bd/product.html?start=81,Automation System In Bangladesh | Dream Tech,44
TRUE,https://dreamtech.com.bd/product.html?start=9,Automation System In Bangladesh | Dream Tech,44
TRUE,https://dreamtech.com.bd/product.html?start=90,Automation System In Bangladesh | Dream Tech,44
TRUE,https://dreamtech.com.bd/product/10-inch-touch-screen-ecr-cash-register-machine.html,10 inch Touch Screen ECR Cash Register Machine,46
TRUE,https://dreamtech.com.bd/product/1d-barcode-scanner-reader-handheld-c520.html,1D Barcode Scanner Reader Handheld C520,39
TRUE,https://dreamtech.com.bd/product/57-35-blank-thermal-cash-register-paper-rolls.html,57*35 blank thermal cash register paper rolls,45
TRUE,https://dreamtech.com.bd/product/57-40-thermal-receipt-paper-roll.html,57*40 Thermal Receipt Paper Roll,32
TRUE,https://dreamtech.com.bd/product/80mm-60mm-blank-thermal-paper-rolls-for-shopping-mall.html,80mm*60mm blank thermal paper rolls for shopping mall,53
TRUE,https://dreamtech.com.bd/product/80mm-80mm-thermal-paper-rolls.html,80mm*80mm Thermal paper rolls,29
TRUE,https://dreamtech.com.bd/product/c561-p-pos-machine-dual-screen.html,C561+P POS Machine Dual Screen,30
TRUE,https://dreamtech.com.bd/product/cloud-label-printer-gp-cl421d-4-size.html,"Cloud Label Printer GP-CL421D 4"" Size",37
TRUE,https://dreamtech.com.bd/product/dahua-rls1000-15kg-label-printing-scale.html,Dahua RLS1000 15kg Label Printing Scale,39
TRUE,https://dreamtech.com.bd/product/datalogic-heron-usb-1d-2d-bar-code-qr-code.html,Datalogic Heron usb 1d 2d bar code qr code,42
TRUE,https://dreamtech.com.bd/product/digital-persona-u-are-u-4500-bio-metric.html,Digital Persona U.are.U 4500 Bio metric,39
TRUE,https://dreamtech.com.bd/product/dmax-410-retail-supermarket-pos-cash-drawer.html,Dmax-410 retail supermarket POS cash drawer,43
TRUE,https://dreamtech.com.bd/product/dmax-c512-2d-barcode-scanner-new.html,DMAX C512 2D Barcode Scanner New,32
TRUE,https://dreamtech.com.bd/product/dmax-s-8818-2d-table-barcode-reader.html,DMAX S-8818 2D Table Barcode Reader,35
TRUE,https://dreamtech.com.bd/product/eas-am-clothing-security-anti-theft-pencil-tag.html,EAS am clothing Security anti-theft pencil Tag,46
TRUE,https://dreamtech.com.bd/product/eas-label-system-management-software.html,EAS Label System Management Software,36
TRUE,https://dreamtech.com.bd/product/ecr-cash-register-machine-for-restaurant-or-retail-store.html,ECR Cash Register Machine For Restaurant Or Retail Store,56
TRUE,https://dreamtech.com.bd/product/fingerprint-access-control-jun-rong-m868d-time-attendance.html,Fingerprint Access Control Jun Rong M868D Time Attendance,57
TRUE,https://dreamtech.com.bd/product/gp-5890xiii-58mm-thermal-receipt-printer.html,GP-5890XIII 58mm thermal receipt printer,40
TRUE,https://dreamtech.com.bd/product/gp-l80250ii-250mm-s-high-speed-printing-3-in-1-lan.html,GP-L80250II 250mm/s high speed printing 3-in-1 Lan,50
TRUE,https://dreamtech.com.bd/product/gp3120tub-thermal-barcode-printer.html,GP3120TUB Thermal Barcode Printer,33
TRUE,https://dreamtech.com.bd/product/gprinter-pro5-two-color-dot-matrix-printer.html,GPrinter Pro5 Two Color Dot matrix Printer,42
TRUE,https://dreamtech.com.bd/product/handheld-2d-barcode-scanner-wired-barcode-scanner-c-513.html,Handheld 2D Barcode Scanner Wired scanner C-513,47
TRUE,https://dreamtech.com.bd/product/hikvision-ds-2ce56c0t-irpf-1-0mp-dome-camera.html,HIKVISION 1.0MP Fixed Indoor Turret Camera,42
TRUE,https://dreamtech.com.bd/product/hikvision-ds-2ce56cot-irf.html,Hikvision Ds-2ce56cot-IRF,25
TRUE,https://dreamtech.com.bd/product/honeywell-1d-2d-youjie-hf600-scanner.html,Honeywell 1D 2D Youjie HF600 Scanner,36
TRUE,https://dreamtech.com.bd/product/honeywell-barcode-scanner-youjie-hand-held-yj3300-white.html,Honeywell Barcode Scanner Youjie Hand Held YJ3300 -White,56
TRUE,https://dreamtech.com.bd/product/honeywell-eclipse-ms5145-barcode-scanner.html,Honeywell Eclipse MS5145 Barcode Scanner,40
TRUE,"https://dreamtech.com.bd/product/honeywell-industrial-label-printer,-model-number-pm42.html","Honeywell Industrial Label Printer, Model Number: PM42",54
TRUE,https://dreamtech.com.bd/product/honeywell-orbit-7120-barcode-scanner.html,Honeywell Orbit 7120 Barcode Scanner,36
TRUE,https://dreamtech.com.bd/product/honeywell-pc42t-barcode-printer.html,Honeywell PC42T Barcode Printer,31
TRUE,https://dreamtech.com.bd/product/honeywell-voyager-1202g-barcode-scanner.html,Honeywell Voyager 1202G Barcode Scanner,39
TRUE,https://dreamtech.com.bd/product/honeywell-voyager-1202g-wireless-single-line-barcode-scanner.html,Honeywell Voyager 1202G Wireless Single-Line Barcode Scanner,60
TRUE,https://dreamtech.com.bd/product/honeywell-voyager-1250g-barcode-scanner.html,Honeywell Voyager 1250G Barcode Scanner,39
TRUE,https://dreamtech.com.bd/product/honeywell-voyager-9520-general-duty-scanners.html,Honeywell Voyager 9520 General Duty Scanners,44
TRUE,https://dreamtech.com.bd/product/honeywell-xenon-ms-1900-2d-barcode-scanner.html,Honeywell Xenon MS 1900 2D Barcode Scanner,42
TRUE,"https://dreamtech.com.bd/product/l4-wash-care-label-for-zebra,godex.html","L4 Wash Care Label for Zebra,Godex",34
TRUE,https://dreamtech.com.bd/product/label-printer-gp-3120tu-thermal-bar-code-printer.html,Label Printer GP-3120TU Thermal Bar code Printer,48
TRUE,https://dreamtech.com.bd/product/mobile-pos-58mm-thermal-printer-roll.html,Mobile POS 58mm Thermal Printer Roll 50*57 mm,45
TRUE,https://dreamtech.com.bd/product/mx-5500-handheld-price-labeling-gun-8-digits.html,MX-5500 Handheld Price Labeling Gun 8 Digits,44
TRUE,https://dreamtech.com.bd/product/new-handheld-wired-ccd-barcode-scanner-dmax-x718.html,New Handheld Wired CCD Barcode Scanner Dmax x718,48
TRUE,https://dreamtech.com.bd/product/pos-cash-register-receipt-roll-for-58mm-thermal-printer.html,POS Cash Register Receipt Roll For 58mm Thermal Printer,55
TRUE,https://dreamtech.com.bd/product/postek-c168-300c-300-dpi-barcode-label-thermal-printer.html,Postek C168/300C 300 dpi barcode label thermal printer,54
TRUE,https://dreamtech.com.bd/product/postek-tw6-300dpi-professional-industrial-lable-printers.html,POSTEK TW6 300DPI Professional Industrial Label Printers,56
TRUE,https://dreamtech.com.bd/product/restaurant-software-and-hardware-package.html,Restaurant Software And Hardware Package,40
TRUE,https://dreamtech.com.bd/product/rf-anti-theft-antenna-gate-security-system.html,RF Anti-theft antenna gate security system,42
TRUE,https://dreamtech.com.bd/product/rfid-access-control-system-kit.html,RFID Access Control System Kit (Wooden Glasses),47
TRUE,https://dreamtech.com.bd/product/rongta-rp-325-80mm-thermal-receipt-printer.html,RONGTA RP-325 80MM Thermal Receipt Printer,42
TRUE,https://dreamtech.com.bd/product/rongta-rp-58-thermal-receipt-printer.html,Rongta RP-58 Thermal Receipt Printer,36
TRUE,https://dreamtech.com.bd/product/sunmi-scanner-high-speed-qr-2d-scanner.html,SUNMI SCANNER HIGH SPEED QR 2D SCANNER,38
TRUE,https://dreamtech.com.bd/product/super-shop-software-and-hardware-package.html,Super Shop Software And Hardware Package,40
TRUE,https://dreamtech.com.bd/product/thermal-paper-57x50mm-thermal-receipt-paper.html,Thermal Paper 57x50mm Thermal Receipt Paper,43
TRUE,https://dreamtech.com.bd/product/thermal-paper-80x80mm.html,Thermal Paper 80x80mm For Pos Printer,37
TRUE,https://dreamtech.com.bd/product/thermal-paper-receipt-rolls-57-mm-x-25mm.html,Thermal Paper Rolls 57 mm x 25mm (60 Rolls/Case),48
TRUE,https://dreamtech.com.bd/product/thermal-paper-roll-80x70-mm.html,Thermal Paper Roll 80x70 mm,27
TRUE,https://dreamtech.com.bd/product/thermal-transfer-label-printer-gp-1125z.html,Thermal Transfer Label Printer GP-1125Z,39
TRUE,https://dreamtech.com.bd/product/uface-800-time-attendance-and-access-control.html,uFace 800 Time Attendance And Access Control,44
TRUE,"https://dreamtech.com.bd/product/urovo-i6300-with-1d-2d-scan-engine,-8mp-front-camera.html","UROVO i6300 with 1D/2D scan engine, 8MP front camera",52
TRUE,https://dreamtech.com.bd/product/waterproof-barcode-wax-based-wax-resin.html,Waterproof Barcode Wax-based Wax Resin,38
TRUE,https://dreamtech.com.bd/product/wax-resin-thermal-transfer-mixed-printer-ribbon.html,Wax Resin Thermal Transfer Mixed Printer Ribbon,47
TRUE,https://dreamtech.com.bd/product/xp-58iii-thermal-pos-printer.html,XP-58III Thermal POS Printer,28
TRUE,https://dreamtech.com.bd/product/xp-p800-bluetooth-mobile-printer.html,XP-P800 Bluetooth Mobile Printer,32
TRUE,https://dreamtech.com.bd/product/xprinter-xp-n160ii-usb-wired-bluetooth-printer.html,Xprinter XP-N160II USB Wired Bluetooth Printer,46
TRUE,https://dreamtech.com.bd/product/xprinter-xp-q160ii-80mm-thermal-receipt-printer.html,XPrinter XP-Q160II 80mm Thermal Receipt Printer,47
TRUE,https://dreamtech.com.bd/product/zebex-z-3220-barcode-scanner.html,Zebex Z-3220 Barcode Scanner,28
TRUE,https://dreamtech.com.bd/product/zebra-888t-barcode-printer-for-gold.html,Zebra gk888t Barcode Printer For Gold,37
TRUE,https://dreamtech.com.bd/product/zebra-ds2208-sr-corded-2d-1d-handheld-barcode-scanner.html,Zebra DS2208 1D Handheld Bar code Scanner,41
TRUE,https://dreamtech.com.bd/product/zebra-gk888t-label-sticker-printer.html,Zebra Gk888t Label Sticker Printer,34
TRUE,https://dreamtech.com.bd/product/zebra-gt800-203dpi-thermal-barcode-printer.html,Zebra GT800 203dpi Thermal Barcode Printer,42
TRUE,https://dreamtech.com.bd/product/zebra-mc2180-industrial-mobile-computer-wifi-barcode-scanner.html,Zebra MC2180 Industrial Mobile Computer WiFi Barcode Scanner,60
TRUE,https://dreamtech.com.bd/product/zebra-symbol-ds3678-heavy-industrial-bar-code-reader.html,Zebra Symbol DS3678 heavy industrial bar code reader,52
TRUE,https://dreamtech.com.bd/product/zebra-symbol-ds4308-handheld-scanner.html,Zebra Symbol DS4308 Handheld Scanner,36
TRUE,https://dreamtech.com.bd/product/zebra-symbol-ds9208-barcode-scanner.html,Zebra Symbol DS9208 Barcode Scanner,35
TRUE,https://dreamtech.com.bd/product/zebra-symbol-ds9808-imager-barcode-scanner.html,Zebra Symbol DS9808 Imager Barcode Scanner,42
TRUE,https://dreamtech.com.bd/product/zebra-thermal-transfer-wax-resin-ribbon-110mmx70m.html,Zebra Thermal transfer Wax Resin Ribbon 110mmX70m,49
TRUE,https://dreamtech.com.bd/product/zebra-thermal-transfer-wax-ribbon-110mm-300m.html,Zebra Thermal transfer wax ribbon 110mm 300m,44
TRUE,https://dreamtech.com.bd/product/zebra-thermal-transfer-wax-ribbon-110mmx70m.html,Zebra Thermal transfer wax ribbon 110mmX70m,43
TRUE,https://dreamtech.com.bd/product/zebra-thermal-transfer-wax-ribbon-220mmx300m.html,Zebra Thermal transfer wax ribbon 220mmX300m,44
TRUE,https://dreamtech.com.bd/product/zebra-thermal-transfer-wax-ribbon-55mm-x-300m.html,Zebra Thermal transfer wax ribbon 55mm X 300m,45
TRUE,https://dreamtech.com.bd/product/zebra-thermal-transfer-wax-ribbon-55mmx70m.html,Zebra Thermal transfer wax ribbon 55mmX70m,42
TRUE,https://dreamtech.com.bd/product/zebra-zt230-barcode-printer-203-dpi.html,Zebra ZT230 Barcode Printer 203 dpi,35
TRUE,https://dreamtech.com.bd/product/zebra-zt410-203dpi-300dpi-industrial-bar-code-label.html,Zebra ZT410 203dpi/300dpi Industrial bar code label,51
TRUE,https://dreamtech.com.bd/product/zebra-zt410-series-industrial-printers.html,ZEBRA ZT410 SERIES INDUSTRIAL PRINTERS,38
TRUE,https://dreamtech.com.bd/product/zk-f18-access-control-and-time-attendance.html,ZK F18 Access Control And Time Attendance,41
TRUE,https://dreamtech.com.bd/product/zk-x6-fingerprint-access-controller.html,ZK-X6 Fingerprint Access Controller Complete,44
TRUE,https://dreamtech.com.bd/product/zkteco-f22-wifi-bio-metric-time-attendance.html,ZKTeco F22 WiFi Bio Metric Time Attendance,42
TRUE,"https://dreamtech.com.bd/product/zkteco-k40-pro-time-attendance,-access-control.html","Zkteco K40 Pro Time & Attendance, Access Control",48
TRUE,https://dreamtech.com.bd/product/zkteco-mb160-face-finger-recognition-system.html,ZKTeco MB160 Fingerprint Reader Face Recognition System,55
TRUE,https://dreamtech.com.bd/product/zkteco-mb300-multi-bio-time-attendance-terminal.html,ZKTeco MB300 Multi-Bio Time Attendance Terminal,47
TRUE,https://dreamtech.com.bd/product/zkteco-uface302-multi-biometric-access-control-terminal.html,ZKTeco uFace302 Multi-Biometric T&A Access Control Terminal,59
TRUE,https://dreamtech.com.bd/product/zkteco-uface602-attendance-machine.html,ZKTeco uFace602 Face Biometric Attendance Machine,49
TRUE,https://dreamtech.com.bd/returns-replacements.html,Returns & Replacements,22
TRUE,https://dreamtech.com.bd/returns-replacements.html?tmpl=component&print=1&layout=default,all goods can be possible to exchange - Dream Tech,50
TRUE,https://dreamtech.com.bd/returns-replacements.html?view=article&id=104%3Axprinter-label-barcode-printer-thermal-receipt-printer&catid=2,Thermal Barcode Printer Price In Bangladesh - Dream Tech,56
TRUE,https://dreamtech.com.bd/returns-replacements.html?view=article&id=104%3Axprinter-label-barcode-printer-thermal-receipt-printer&catid=2&tmpl=component&print=1&layout=default,Thermal Barcode Printer Price In Bangladesh - Dream Tech,56
TRUE,https://dreamtech.com.bd/returns-replacements.html?view=article&id=105%3Athermal-pos-printer-price-in-bangladesh&catid=2,POS Thermal Printer Price in Bangladesh | Dream Tech,52
TRUE,https://dreamtech.com.bd/returns-replacements.html?view=article&id=105%3Athermal-pos-printer-price-in-bangladesh&catid=2&tmpl=component&print=1&layout=default,POS Thermal Printer Price in Bangladesh | Dream Tech,52
TRUE,https://dreamtech.com.bd/returns-replacements.html?view=article&id=106%3Abarcode-printer-price-in-bangladesh&catid=2,Label Printer Price in Bangladesh | Dream Tech,46
TRUE,https://dreamtech.com.bd/returns-replacements.html?view=article&id=106%3Abarcode-printer-price-in-bangladesh&catid=2&tmpl=component&print=1&layout=default,Label Printer Price in Bangladesh | Dream Tech,46
TRUE,https://dreamtech.com.bd/returns-replacements.html?view=article&id=148%3Agentlink-g120-thermal-wax-clothing-label-ribbon&catid=2,Thermal wax clothing label ribbon Available In DreamTech,56
TRUE,https://dreamtech.com.bd/returns-replacements.html?view=article&id=148%3Agentlink-g120-thermal-wax-clothing-label-ribbon&catid=2&tmpl=component&print=1&layout=default,Thermal wax clothing label ribbon Available In DreamTech,56
TRUE,https://dreamtech.com.bd/returns-replacements.html?view=article&id=153%3A110mmx300m%2C-thermal-transfer-ribbon-for-zebra%2Cgodex%2Ctsc&catid=2,"110mmx300m, Thermal Transfer Ribbon for Zebra,Godex,TSC",55
TRUE,https://dreamtech.com.bd/returns-replacements.html?view=article&id=153%3A110mmx300m%2C-thermal-transfer-ribbon-for-zebra%2Cgodex%2Ctsc&catid=2&tmpl=component&print=1&layout=default,"110mmx300m, Thermal Transfer Ribbon for Zebra,Godex,TSC",55
TRUE,https://dreamtech.com.bd/returns-replacements.html?view=article&id=155%3Ahigh-quality-2d-1d-barcode-scanner-usb&catid=2,2D Barcode Scanners | Best price in Bangladesh - DT,51
TRUE,https://dreamtech.com.bd/returns-replacements.html?view=article&id=155%3Ahigh-quality-2d-1d-barcode-scanner-usb&catid=2&tmpl=component&print=1&layout=default,2D Barcode Scanners | Best price in Bangladesh - DT,51
TRUE,https://dreamtech.com.bd/returns-replacements.html?view=article&id=158%3Axprinter-new-arrived-80mm-auto-cutter-usb&catid=2,Xprinter New arrived 80mm auto cutter - Dream Tech,50
TRUE,https://dreamtech.com.bd/returns-replacements.html?view=article&id=158%3Axprinter-new-arrived-80mm-auto-cutter-usb&catid=2&tmpl=component&print=1&layout=default,Xprinter New arrived 80mm auto cutter - Dream Tech,50
TRUE,https://dreamtech.com.bd/returns-replacements.html?view=article&id=163%3Aautomatic-scan-1d-wired-barcode-scanner-barcode-reader&catid=2,Buy USB Automatic Bar code Scanner - Dream Tech,47
TRUE,https://dreamtech.com.bd/returns-replacements.html?view=article&id=163%3Aautomatic-scan-1d-wired-barcode-scanner-barcode-reader&catid=2&tmpl=component&print=1&layout=default,Buy USB Automatic Bar code Scanner - Dream Tech,47
TRUE,https://dreamtech.com.bd/returns-replacements.html?view=article&id=176%3Ashopping-mall-clothing-store-thermal-bill-printer&catid=2,shopping mall clothing store Thermal Bill Printer,49
TRUE,https://dreamtech.com.bd/returns-replacements.html?view=article&id=176%3Ashopping-mall-clothing-store-thermal-bill-printer&catid=2%3Ad-tech,shopping mall clothing store Thermal Bill Printer,49
TRUE,https://dreamtech.com.bd/returns-replacements.html?view=article&id=176%3Ashopping-mall-clothing-store-thermal-bill-printer&catid=2&tmpl=component&print=1&layout=default,shopping mall clothing store Thermal Bill Printer,49
TRUE,https://dreamtech.com.bd/returns-replacements.html?view=article&id=180%3Athermal-printer-sticker-shipping-thermal-label&catid=2,Direct Thermal Labels at Best Price in Dhaka,44
TRUE,https://dreamtech.com.bd/returns-replacements.html?view=article&id=180%3Athermal-printer-sticker-shipping-thermal-label&catid=2&tmpl=component&print=1&layout=default,Direct Thermal Labels at Best Price in Dhaka,44
TRUE,https://dreamtech.com.bd/returns-replacements.html?view=article&id=184%3Ahigh-quality-zebra-e5095-resin-ribbon&catid=2,Thermal Ribbon Supplier in Dhaka | Dream Tech,45
TRUE,https://dreamtech.com.bd/returns-replacements.html?view=article&id=184%3Ahigh-quality-zebra-e5095-resin-ribbon&catid=2&tmpl=component&print=1&layout=default,Thermal Ribbon Supplier in Dhaka | Dream Tech,45
TRUE,https://dreamtech.com.bd/returns-replacements.html?view=article&id=186%3Alabel-barcode-printer-108mm-print-width-usb&catid=2,Buy label printer and get free shipping on Dream Tech,53
TRUE,https://dreamtech.com.bd/returns-replacements.html?view=article&id=186%3Alabel-barcode-printer-108mm-print-width-usb&catid=2&tmpl=component&print=1&layout=default,Buy label printer and get free shipping on Dream Tech,53
TRUE,https://dreamtech.com.bd/returns-replacements.html?view=article&id=189%3Azebra-110xi4-600-dpi-high-performance-metal-label-printer&catid=2,Zebra 110Xi4 Printer - Best Price in Bangladesh - DT,52
TRUE,https://dreamtech.com.bd/returns-replacements.html?view=article&id=189%3Azebra-110xi4-600-dpi-high-performance-metal-label-printer&catid=2&tmpl=component&print=1&layout=default,Zebra 110Xi4 Printer - Best Price in Bangladesh - DT,52
TRUE,https://dreamtech.com.bd/returns-replacements.html?view=article&id=193%3Asticker-machine-printer-label-thermal&catid=2,Thermal Sticker Printer | Latest Electronics Top Brands,55
TRUE,https://dreamtech.com.bd/returns-replacements.html?view=article&id=193%3Asticker-machine-printer-label-thermal&catid=2&tmpl=component&print=1&layout=default,Thermal Sticker Printer | Latest Electronics Top Brands,55
TRUE,https://dreamtech.com.bd/returns-replacements.html?view=article&id=2%3Athermal-receipt-printer&catid=2,Thermal Receipt Printer,23
TRUE,https://dreamtech.com.bd/returns-replacements.html?view=article&id=2%3Athermal-receipt-printer&catid=2&tmpl=component&print=1&layout=default,Cheaper Thermal Printer Price in Bangladesh - Dream Tech,56
TRUE,https://dreamtech.com.bd/returns-replacements.html?view=article&id=201%3Ausb-bar-code-scanner-rs232-reader-barcode-reading-gun&catid=2,USB Bar Code Scanner RS232 Reader Barcode Reading Gun,53
TRUE,https://dreamtech.com.bd/returns-replacements.html?view=article&id=201%3Ausb-bar-code-scanner-rs232-reader-barcode-reading-gun&catid=2%3Ad-tech,USB Bar Code Scanner RS232 Reader Barcode Reading Gun,53
TRUE,https://dreamtech.com.bd/returns-replacements.html?view=article&id=201%3Ausb-bar-code-scanner-rs232-reader-barcode-reading-gun&catid=2&tmpl=component&print=1&layout=default,USB Bar Code Scanner RS232 Reader Barcode Reading Gun,53
TRUE,https://dreamtech.com.bd/returns-replacements.html?view=article&id=226%3Athermal-pos-printer-xp-n160-80mm&catid=2,Thermal POS Printer XP-N160 80MM Download - Dream Tech,54
TRUE,https://dreamtech.com.bd/returns-replacements.html?view=article&id=226%3Athermal-pos-printer-xp-n160-80mm&catid=2&tmpl=component&print=1&layout=default,Thermal POS Printer XP-N160 80MM Download - Dream Tech,54
TRUE,https://dreamtech.com.bd/returns-replacements.html?view=article&id=233%3Azkteco-iclock9000-g-time-attendance-terminal&catid=2,ZKTeco iClock9000-GTime Atten dance Machine- Dream Tech,55
TRUE,https://dreamtech.com.bd/returns-replacements.html?view=article&id=233%3Azkteco-iclock9000-g-time-attendance-terminal&catid=2&tmpl=component&print=1&layout=default,ZKTeco iClock9000-GTime Atten dance Machine- Dream Tech,55
TRUE,https://dreamtech.com.bd/returns-replacements.html?view=article&id=242%3Alaser-scan-2d-barcode-scanner-dmax-s516&catid=2,Laser Scan 2D Barcode Scanner Dmax- S516,40
TRUE,https://dreamtech.com.bd/returns-replacements.html?view=article&id=242%3Alaser-scan-2d-barcode-scanner-dmax-s516&catid=2%3Ad-tech,Laser Scan 2D Barcode Scanner Dmax- S516,40
TRUE,https://dreamtech.com.bd/returns-replacements.html?view=article&id=242%3Alaser-scan-2d-barcode-scanner-dmax-s516&catid=2&tmpl=component&print=1&layout=default,Laser Scan 2D Barcode Scanner Dmax- S516,40
TRUE,https://dreamtech.com.bd/returns-replacements.html?view=article&id=4%3Agp-1125t-4-inch-203-dpi-thermal-transfer-label-printer&catid=2,GPrinter Hight Quality Label Printer Price in Bangladesh,56
TRUE,https://dreamtech.com.bd/returns-replacements.html?view=article&id=4%3Agp-1125t-4-inch-203-dpi-thermal-transfer-label-printer&catid=2&tmpl=component&print=1&layout=default,GPrinter Hight Quality Label Printer Price in Bangladesh,56
TRUE,https://dreamtech.com.bd/returns-replacements.html?view=article&id=5%3Agp-7635iii-bluetooth-76mm-impact-dot-matrix&catid=2,GP-7635III Bluetooth 76mm impact dot-matrix,43
TRUE,https://dreamtech.com.bd/returns-replacements.html?view=article&id=5%3Agp-7635iii-bluetooth-76mm-impact-dot-matrix&catid=2&tmpl=component&print=1&layout=default,GP-7635III Bluetooth 76mm impact dot-matrix,43
TRUE,https://dreamtech.com.bd/returns-replacements.html?view=article&id=7%3Apremium-resin-enhanced-wax-ribbon-z9085&catid=2,Premium Resin Enhanced Wax Ribbon-Z9085,39
TRUE,https://dreamtech.com.bd/returns-replacements.html?view=article&id=7%3Apremium-resin-enhanced-wax-ribbon-z9085&catid=2&tmpl=component&print=1&layout=default,Premium Resin Enhanced Wax Ribbon-Z9085,39
TRUE,https://dreamtech.com.bd/returns-replacements.html?view=article&id=8%3Agood-quality-wax-resin-ribbon-50mm-x-300mtrs&catid=2,Good Quality Wax Resin Ribbon - 50mm x 300mtrs,46
TRUE,https://dreamtech.com.bd/returns-replacements.html?view=article&id=8%3Agood-quality-wax-resin-ribbon-50mm-x-300mtrs&catid=2%3Ad-tech,Good Quality Wax Resin Ribbon - 50mm x 300mtrs,46
TRUE,https://dreamtech.com.bd/returns-replacements.html?view=article&id=8%3Agood-quality-wax-resin-ribbon-50mm-x-300mtrs&catid=2&tmpl=component&print=1&layout=default,Good Quality Wax Resin Ribbon - 50mm x 300mtrs,46
TRUE,https://dreamtech.com.bd/returns-replacements.html?view=article&id=9%3Agood-quality-wax-resin-110mm-x-300mtrs&catid=2,Good Quality Wax Resin Price In Bangladesh - Dream Tech,55
TRUE,https://dreamtech.com.bd/returns-replacements.html?view=article&id=9%3Agood-quality-wax-resin-110mm-x-300mtrs&catid=2&tmpl=component&print=1&layout=default,Good Quality Wax Resin Price In Bangladesh - Dream Tech,55
